Asking_Price,Street,City,State,Zip
"$349,900 ",2537 Paul Ave NW, Atlanta,GA,30318.0
"$199,000 ",1391 Audubon Ct SW LOT 8, Atlanta,GA,30311.0
"$734,500 ",495 Harold Ave NE, Atlanta,GA,30307.0
"$174,000 ",541 Springside Dr SE, Atlanta,GA,30354.0
"$162,500 ",1429 Hawkins St NW, Atlanta,GA,30314.0
"$399,900 ",2012 Shirley St SW, Atlanta,GA,30311.0
"$274,500 ",3445 Stratford Rd NE APT 1805, Atlanta,GA,30326.0
"$175,000 ",2855 Peachtree Rd NE APT 213, Atlanta,GA,30305.0
"$586,900 ",1976 Westside Blvd, Atlanta,GA,
"$1,350,000 ",471 Pine Tree Dr NE, Atlanta,GA,30305.0
"$265,000 ",1735 Peachtree St NE UNIT 404, Atlanta,GA,30309.0
"$170,000 ",3655 Habersham Rd NE APT B347, Atlanta,GA,30305.0
"$300,000 ",1053 Astor Ave SW, Atlanta,GA,30310.0
"$215,000 ",284 Morris Brown Ave NW, Atlanta,GA,30314.0
"$175,000 ",183 Amherst Pl NW, Atlanta,GA,30327.0
"$758,000 ",1051 Monroe Dr NE, Atlanta,GA,30306.0
"$325,000 ",1735 Peachtree St NE UNIT 224, Atlanta,GA,30309.0
"$274,900 ",635 Myrtle St NE APT 11, Atlanta,GA,30308.0
"$1,375,000 ",3799 Northside Dr NW, Atlanta,GA,30305.0
"$695,000 ",603 Howard St, Atlanta,GA,30317.0
"$129,900 ",78 Delmoor Dr NW, Atlanta,GA,30311.0
"$289,900 ",44 Peachtree Pl NW UNIT 528, Atlanta,GA,30309.0
"$300,000 ",1830 Flat Shoals Rd SE, Atlanta,GA,30316.0
"$252,500 ",23108 Plantation Dr #108, Atlanta,GA,30324.0
"$1,895,000 ",727 Courtenay Dr NE, Atlanta,GA,
"$132,000 ",32 Peachtree St NW APT 401, Atlanta,GA,30303.0
"$479,900 ",3324 Peachtree Rd NE UNIT 2805, Atlanta,GA,30326.0
"$675,000 ",3033 Stone Gate Dr NE, Atlanta,GA,30324.0
"$310,000 ",860 Peachtree St NE UNIT 2707, Atlanta,GA,30308.0
"$1,895,000 ",1026 Robin Ln NE, Atlanta,GA,30306.0
"$249,000 ",955 Juniper St NE, Atlanta,GA,30309.0
"$238,900 ",6524 Mountain Home Way, Mableton,GA,
"$226,900 ",6528 Mountain Home Way, Mableton,GA,
"$238,900 ",6548 Mountain Home Way, Mableton,GA,
"$178,900 ",2700 Pine Tree Rd NE UNIT 2216, Atlanta,GA,30324.0
"$1,450,000 ",1363 Peachtree Battle Ave NW, Atlanta,GA,30327.0
"$574,900 ",836 Canterbury Overlook, Atlanta,GA,30324.0
"$1,150,000 ",4633 Far West Blvd APT 3, Austin,TX,78731.0
"$350,000 ",87 Navasota St, Austin,TX,78702.0
"$299,999 ",1100 Hatteras Dr, Austin,TX,78753.0
"$1,010,630 ",16312 Donoher Dr, Austin,TX,
"$580,000 ",2705 White Horse Trl, Austin,TX,78757.0
"$369,000 ",8410 Spring Valley Dr, Austin,TX,78736.0
"$675,000 ",1126 Linden St #1, Austin,TX,78702.0
"$448,000 ",2804 S 1st St #1109, Austin,TX,78704.0
"$284,500 ",8512 Palace Pkwy, Austin,TX,78748.0
"$739,990 ",2716 Bear Springs Trl, Austin,TX,78748.0
"$539,900 ",7417 Cordoba Dr, Austin,TX,78724.0
"$325,000 ",908 Poplar St APT 309, Austin,TX,78705.0
"$849,000 ",1506 Weyford Dr, Austin,TX,78757.0
"$349,900 ",7405 Whispering Oaks Dr, Austin,TX,78745.0
"$479,900 ",7601 Cooper Ln #29, Austin,TX,78745.0
"$305,300 ",11707 Raymond C Ewry Ln, Austin,TX,78748.0
"$380,000 ",4401 Keota Dr, Austin,TX,78749.0
"$989,000 ",4307 Cat Mountain Dr, Austin,TX,78731.0
"$529,000 ",1801 Duke Ave, Austin,TX,78757.0
"$139,900 ",1705 Crossing Pl APT 132, Austin,TX,78741.0
"$619,900 ",9903 Brandywine Cir, Austin,TX,78750.0
"$819,000 ",2321 University Club Dr, Austin,TX,78732.0
"$339,000 ",12612 Linford Dr, Austin,TX,78753.0
"$294,900 ",4361 S Congress Ave UNIT 213, Austin,TX,78745.0
"$275,000 ",1509 Airedale Rd #1302, Austin,TX,78748.0
"$303,500 ",10109 Alley May Dr, Austin,TX,78748.0
"$1,350,000 ",4511 Avenue F, Austin,TX,78751.0
"$350,000 ",1185 Greenwood Ave, Austin,TX,78721.0
"$749,900 ",9206 Spring Hollow Dr, Austin,TX,78750.0
"$315,000 ",2014 Magazine St, Austin,TX,78727.0
"$592,000 ",3401 Kay St, Austin,TX,78702.0
"$530,000 ",606 W Lynn St APT 2, Austin,TX,78703.0
"$215,000 ",9226 Jollyville Rd APT 182, Austin,TX,78759.0
"$695,000 ",9312 Rolling Oaks Trl, Austin,TX,78750.0
"$1,350,000 ",2714 Hillview Green Ln, Austin,TX,78703.0
"$750,000 ",200 W Gibson St, Austin,TX,78704.0
"$405,000 ",3007 E 12th St #C, Austin,TX,78702.0
"$489,000 ",2601 N Quinlan Park Rd SUITE 303, Austin,TX,78732.0
"$349,900 ",2830 W Barry Ave, Chicago,IL,60618.0
"$424,995 ",3868 N Milwaukee Ct, Chicago,IL,60641.0
"$49,900 ",7128 S Seeley Ave, Chicago,IL,60636.0
"$119,000 ",6833 N Kedzie Ave APT 1405, Chicago,IL,60645.0
"$275,000 ",5 N Wabash Ave APT 1504, Chicago,IL,60602.0
"$515,000 ",405 N Wabash Ave UNIT 4410, Chicago,IL,60611.0
"$359,999 ",3518 N Rutherford Ave, Chicago,IL,60634.0
"$435,000 ",7358 W Rascher Ave, Chicago,IL,60656.0
"$157,000 ",4314 W 14th St, Chicago,IL,60623.0
"$265,000 ",210 S Desplaines St APT 1806, Chicago,IL,60661.0
"$485,000 ",2323 S Seeley Ave, Chicago,IL,60608.0
"$599,000 ",3310 N Damen Ave #1, Chicago,IL,60618.0
"$550,000 ",1239 N Maplewood Ave #1, Chicago,IL,60622.0
"$179,800 ",4753 N Magnolia Ave #1, Chicago,IL,60640.0
"$469,900 ",2715 N Lawndale Ave, Chicago,IL,60647.0
"$35,000 ",8725 S Emerald Ave, Chicago,IL,60620.0
"$489,000 ",1344 N Monticello Ave, Chicago,IL,60651.0
"$450,000 ",6101 N Sheridan Rd E #31B, Chicago,IL,60660.0
"$235,000 ",3012 E 81st St, Chicago,IL,60617.0
"$209,000 ",3785 W Columbus Ave UNIT 2, Chicago,IL,60652.0
"$219,999 ",5300 N Kedzie Ave APT 1, Chicago,IL,60625.0
"$525,000 ",2858 N Milwaukee Ave #1, Chicago,IL,60618.0
"Est. $60,539",8274 S Anthony Ave, Chicago,IL,60617.0
"$309,000 ",195 N Harbor Dr APT 4907, Chicago,IL,60601.0
"$4,500 ",7709 S Green St, Chicago,IL,60620.0
"$122,500 ",(undisclosed Address), Chicago,IL,60643.0
"$899,000 ",1931 N Central Park Ave, Chicago,IL,60647.0
"$368,800 ",3339 W Irving Park Rd UNIT 5W, Chicago,IL,60618.0
"$899,000 ",2838 W Eastwood Ave, Chicago,IL,60625.0
"$455,000 ",912 W Chicago Ave #204, Chicago,IL,60642.0
"$69,900 ",5921 S Morgan St, Chicago,IL,60621.0
"$549,900 ",5230 S Cornell Ave APT E, Chicago,IL,60615.0
"$299,000 ",6946 W 64th Pl, Chicago,IL,60638.0
"$505,900 ",2335 W Chicago Ave #2R, Chicago,IL,60622.0
"$425,000 ",4016 N California Ave #3, Chicago,IL,60618.0
"$649,000 ",3850 N Lowell Ave, Chicago,IL,60641.0
"$114,900 ",6634 S Oakley Ave, Chicago,IL,60636.0
"$129,000 ",6745 S Campbell Ave, Chicago,IL,60629.0
"$310,000 ",5908 W Warwick Ave, Chicago,IL,60634.0
"$399,900 ",40 E Delaware Pl APT 1603, Chicago,IL,60611.0
"$375,000 ",3217 Darvany Dr, Dallas,TX,75220.0
"$150,000 ",5302 Bexar St, Dallas,TX,75215.0
"$809,999 ",18709 Campbell Rd, Dallas,TX,75252.0
"$549,000 ",6161 Glennox Ln, Dallas,TX,75214.0
"$380,000 ",4335 Vandelia St, Dallas,TX,75219.0
"$217,500 ",2366 Ballycastle Dr, Dallas,TX,75228.0
"$225,000 ",2620 Province Ln, Dallas,TX,75228.0
"$95,000 ",6646 E Lovers Ln #1808, Dallas,TX,75214.0
"$239,000 ",2936 Harbinger Ln, Dallas,TX,75287.0
"$2,595,000 ",1 Lakeside Park, Dallas,TX,75225.0
"$1,075,000 ",6506 Prestonshire Ln, Dallas,TX,75225.0
"$206,000 ",3106 Crest Ridge Dr, Dallas,TX,75228.0
"$194,900 ",7107 Elderberry Ln, Dallas,TX,75249.0
"$529,000 ",5821 Goliad Ave, Dallas,TX,75206.0
"$225,000 ",7308 Little Canyon Rd, Dallas,TX,75249.0
"$349,900 ",13090 Meandering Way, Dallas,TX,75240.0
"$165,000 ",10530 Stone Canyon Rd APT 107, Dallas,TX,75230.0
"$1,400,000 ",4200 Shorecrest Dr LOT 14, Dallas,TX,75209.0
"$397,000 ",6740 Hunters Ridge Dr, Dallas,TX,75248.0
"$135,000 ",6821 Latta Pkwy, Dallas,TX,75227.0
"$995,000 ",8625 La Prada Dr, Dallas,TX,75228.0
"$174,900 ",8553 Bearden Ln, Dallas,TX,75227.0
"$214,000 ",2739 Locust Ave, Dallas,TX,75216.0
"$539,000 ",4219 Somerville Ave, Dallas,TX,75206.0
"$499,000 ",3246 N Haskell Ave, Dallas,TX,75204.0
"$365,000 ",3828 San Jacinto St, Dallas,TX,75204.0
"$875,000 ",6031 Velasco Ave, Dallas,TX,75206.0
"$240,000 ",4535 Weldon St LOT 11, Dallas,TX,75204.0
"$45,000 ",509 Parkwood Dr, Dallas,TX,75224.0
"$895,000 ",6330 Llano Ave, Dallas,TX,75214.0
"$154,900 ",4337 Kolloch Dr, Dallas,TX,75216.0
"$259,900 ",4418 Bowser Ave APT 104, Dallas,TX,75219.0
"$377,990 ",5964 Fox Hill Ln, Dallas,TX,75232.0
"$2,699,999 ",6814 Northport Dr, Dallas,TX,75230.0
"$985,000 ",8718 Rexford Dr, Dallas,TX,75209.0
"$799,000 ",701 S Clinton Ave, Dallas,TX,75208.0
"$289,000 ",3454 Borger St, Dallas,TX,75212.0
"$375,000 ",10127 Cimmaron Trl, Dallas,TX,75243.0
"$480,000 ",7503 Aberdon Rd, Dallas,TX,75252.0
"$895,000 ",3444 Navajo St #10, Denver,CO,80211.0
"$329,000 ",9300 E Florida Ave UNIT 1004, Denver,CO,80247.0
"$995,000 ",4715 N Vallejo St, Denver,CO,80211.0
"$2,600,000 ",550 Fillmore St, Denver,CO,80206.0
"$599,000 ",3201 Olive St, Denver,CO,80207.0
"$650,000 ",4431 N Tennyson St UNIT 5, Denver,CO,80212.0
"$675,000 ",4431 N Tennyson St UNIT 1, Denver,CO,80212.0
"$662,000 ",4431 N Tennyson St UNIT 12, Denver,CO,80212.0
"$650,000 ",4431 N Tennyson St UNIT 4, Denver,CO,80212.0
"$657,000 ",4431 N Tennyson St UNIT 8, Denver,CO,80212.0
"$1,100,000 ",4636 Bryant St, Denver,CO,80211.0
"$471,200 ",5179 N Eliot St, Denver,CO,80221.0
"$499,000 ",1344 Winona Ct, Denver,CO,80204.0
"$310,000 ",615 Perry St, Denver,CO,80204.0
"$339,900 ",1725 Yosemite St, Denver,CO,80220.0
"$527,500 ",410 Acoma St UNIT 512, Denver,CO,80204.0
"$279,900 ",677 Vrain St APT 10, Denver,CO,80204.0
"$799,000 ",3529 Quivas St, Denver,CO,80211.0
"$439,000 ",350 Detroit St APT 309, Denver,CO,80206.0
"$828,135 ",6808 E Lowry Blvd, Denver,CO,80230.0
"$300,000 ",3810 S Yosemite St, Denver,CO,80237.0
"$499,500 ",350 Detroit St APT 408, Denver,CO,80206.0
"$449,000 ",1015 E 23rd Ave, Denver,CO,80205.0
"$560,000 ",2940 S Vine St, Denver,CO,80210.0
"$475,000 ",400 E 3rd Ave APT 304, Denver,CO,80203.0
"$10,987,000 ",460 Saint Paul St, Denver,CO,80206.0
"$575,000 ",8246 E Lehigh Ave, Denver,CO,80237.0
"$444,000 ",412 Raleigh St, Denver,CO,80204.0
"$355,000 ",8200 E 8th Ave #101, Denver,CO,80230.0
"$360,000 ",3317 Blake St SUITE 103, Denver,CO,80205.0
"$550,000 ",2895 Dexter St, Denver,CO,80207.0
"$829,000 ",1004 S Pennsylvania St, Denver,CO,80209.0
"$1,050,000 ",3222 W 16th Ave, Denver,CO,80204.0
"$800,000 ",217 W 1st Ave, Denver,CO,80223.0
"$289,000 ",100 Park Ave W APT 306, Denver,CO,80205.0
"$390,000 ",4024 Milwaukee St, Denver,CO,80216.0
"$370,000 ",14566 Andrews Dr, Denver,CO,80239.0
"$514,999 ",7102 E Wesley Ave, Denver,CO,80224.0
"$2,895,000 ",3479 E Kentucky Ave, Denver,CO,80209.0
"$223,000 ",7 Versante Ct #7, Houston,TX,77070.0
"$357,000 ",1230 Sienna Hill Dr, Houston,TX,77077.0
"$399,000 ",5239 Kiam St, Houston,TX,77007.0
"$149,500 ",8210 Orebo St, Houston,TX,
"$319,000 ",73 Champion Villa Dr, Houston,TX,77069.0
"$745,000 ",3925 Case St, Houston,TX,77005.0
"$679,900 ",13602 Ashley Run, Houston,TX,77077.0
"$170,000 ",634 Rockbrook Dr, Houston,TX,77015.0
"$236,000 ",11818 Red Hummingbird Dr, Houston,TX,77047.0
"$250,000 ",1413 Palmer St, Houston,TX,77003.0
"$85,000 ",1106 Elberta St, Houston,TX,77051.0
"$199,900 ",6042 Hyacinth Path Way, Houston,TX,77049.0
"$3,575,000 ",255 Hedwig Rd, Houston,TX,77024.0
"$177,900 ",2255 Braeswood Park Dr APT 271, Houston,TX,77030.0
"$234,989 ",6011 Rockfowl Dr, Houston,TX,77049.0
"$285,000 ",14018 Sandalfoot St, Houston,TX,77095.0
"$399,900 ",44 N Hutcheson St, Houston,TX,77003.0
"$165,000 ",3131 Southwest Fwy APT 20, Houston,TX,77098.0
"$359,900 ",15950 Manor Square Dr, Houston,TX,77062.0
"$142,000 ",8747 Thistlemoor Ln, Houston,TX,77044.0
"$180,000 ",10210 Saddlehorn Trl, Houston,TX,77064.0
"$210,000 ",1850 Portsmouth St APT A, Houston,TX,77098.0
"$329,000 ",13722 Pear Woods Ct, Houston,TX,77059.0
"$229,000 ",2007 Marchwood Manor Dr, Houston,TX,77090.0
"$230,000 ",10006 Autumn Way Dr, Houston,TX,77064.0
"$209,100 ",4402 Rushing Ridge Ct, Houston,TX,
"$160,000 ",12010 Becca Crossing Way, Houston,TX,77067.0
"$219,500 ",9518 Skyline Dr, Houston,TX,77063.0
"Est. $407,506",5350 Paisley St, Houston,TX,77096.0
"$209,900 ",12823 Pecan Shores Dr, Houston,TX,77044.0
"$309,500 ",2315 Parkdale Dr, Humble,TX,77339.0
"$112,000 ",3100 Jeanetta St APT 1102, Houston,TX,77063.0
"$599,900 ",5917 E Post Oak Ln, Houston,TX,
"$219,900 ",1145 Country Place Dr, Houston,TX,77079.0
"$130,000 ",9025 Gaylord Dr N #111, Houston,TX,77024.0
"$245,000 ",6846 Oakwood Trace Ct, Houston,TX,77040.0
"$825,000 ",1600 Post Oak Blvd UNIT 802, Houston,TX,77056.0
"$350,000 ",1311 Sherwood Springs Ln, Houston,TX,77043.0
"$995,000 ",302 W 17th St, Houston,TX,77008.0
"$56,950 ",8726 Scott St, Houston,TX,77051.0
"$729,000 ",1050 W 8th St, Los Angeles,CA,90731.0
"$739,000 ",10300 Jimenez St, Sylmar,CA,91342.0
"$875,000 ",5914 Jumilla Ave, Woodland Hills,CA,91367.0
"$959,000 ",21412 Dumetz Rd, Woodland Hills,CA,91364.0
"$845,000 ",17434 Mayall St, Northridge,CA,91325.0
"$545,000 ",331 W 10th St, San Pedro,CA,90731.0
"$2,695,000 ",2931 Mandeville Canyon Rd, Los Angeles,CA,90049.0
"$590,000 ",15240 1/2 Dickens St, Los Angeles,CA,91403.0
"$649,000 ",21821 Burbank Blvd UNIT 159, Los Angeles,CA,91367.0
"$649,900 ",15843 San Fernando Mission Blvd, Granada Hills,CA,91344.0
"$999,000 ",1430 S Beverly Glen Blvd APT 304, Los Angeles,CA,90024.0
"$1,499,900 ",6030 S Seabluff Dr APT 119, Playa Vista,CA,
"$605,000 ",11670 W Sunset Blvd APT 217, Los Angeles,CA,90049.0
"$965,000 ",5924 Crocker St, Los Angeles,CA,
"$569,000 ",738 S Los Angeles St APT 406, Los Angeles,CA,90014.0
"$699,000 ",4836 Balboa Ave UNIT A, Los Angeles,CA,91316.0
"$3,200,000 ",21610 Medina Estates Dr, Woodland Hills,CA,91364.0
"$1,695,000 ",6009 Oakdale Ave, Woodland Hills,CA,91367.0
"$395,000 ",19545 Sherman Way UNIT 70, Los Angeles,CA,91335.0
"$399,950 ",13986 Aztec St, Sylmar,CA,91342.0
"$200,000 ",4291 Scandia Way, Los Angeles,CA,90065.0
"$1,550,000 ",837 W 43rd Pl, Los Angeles,CA,90037.0
"$540,000 ",14050 Magnolia Blvd APT 107, Los Angeles,CA,91423.0
"$1,649,000 ",8933 David Ave, Los Angeles,CA,90034.0
"$1,079,000 ",2404 S Carolina St, San Pedro,CA,90731.0
"$750,000 ",2027 W 31st St, Los Angeles,CA,90018.0
"$389,000 ",308 S Cabrillo Ave APT 3, Los Angeles,CA,90731.0
"$919,000 ",6632 Burnet Ave, Van Nuys,CA,91405.0
"$1,473,836 ",20618 W Wood Rose Ct, Porter Ranch,CA,
"$1,795,000 ",24707 Wooded Vis, West Hills,CA,91307.0
"$949,950 ",16010 Wyandotte St, Van Nuys,CA,91406.0
"$610,000 ",7543 Donna Ave, Reseda,CA,91335.0
"$499,900 ",11027 Cohasset St, Sun Valley,CA,91352.0
"$684,000 ",19524 Mobile St, Reseda,CA,91335.0
"$5,025 ",4055 S Redwood Ave SUITE 458, Marina Del Rey,CA,90292.0
"$1,249,000 ",3970 Cherrywood Ave, Los Angeles,CA,90008.0
"$624,900 ",13755 Filmore St, Pacoima,CA,91331.0
"$1,588,433 ",20265 W Windsor Ln, Porter Ranch,CA,
"$939,000 ",7738 Quimby Ave, Canoga Park,CA,91304.0
"$2,249,000 ",8855 Skyline Dr, Los Angeles,CA,90046.0
"$465,000 ",335 S Biscayne Blvd APT 1601, Miami,FL,33131.0
"$220,000 ",1200 Brickell Bay Dr APT 2410, Miami,FL,33131.0
"$3,400,000 ",1331 Brickell Bay Dr APT 3611, Miami,FL,33131.0
"$428,000 ",5729 NW 5th Ct, Miami,FL,33127.0
"$190,000 ",2575 SW 27th Ave APT 212, Miami,FL,33133.0
"$420,000 ",3890 NW 2nd Ter, Miami,FL,33126.0
"$490,000 ",591 SW 45th Ave, Coral Gables,FL,33134.0
"$359,900 ",770 Claughton Island Dr APT 1003, Miami,FL,33131.0
"$439,900 ",1860 Coral Gate Dr, Miami,FL,33145.0
"$1,487,000 ",1010 Brickell Ave UNIT 4401, Miami,FL,33131.0
"$489,000 ",3350 SW 27th Ave APT 1708, Miami,FL,33133.0
"$379,900 ",2227 SW 24th Ter, Miami,FL,33145.0
"$350,000 ",1143 NW 58th St, Miami,FL,33127.0
"$710,000 ",975 SW 10th St, Miami,FL,33130.0
"$499,000 ",143 NW 39th St, Miami,FL,33127.0
"$330,000 ",185 SE 14th Ter APT 908, Miami,FL,33131.0
"$745,000 ",801 S Miami Ave UNIT 4310, Miami,FL,
"$4,795,000 ",4131 SW 37th Ave, Miami,FL,33133.0
"$499,000 ",1900 N Bayshore Dr APT 1404, Miami,FL,33132.0
"$259,000 ",3470 E Coast Ave APT H0906, Miami,FL,33137.0
"$517,000 ",950 Brickell Bay Dr, Miami,FL,33131.0
"$465,000 ",2347 SW 18th St, Miami,FL,33145.0
"$34,000,000 ",1429 N Venetian Way, Miami Beach,FL,33139.0
"$489,900 ",246-248 NW 41st Ave, Miami,FL,33126.0
"$325,000 ",6700 NW 3rd Ave, Miami,FL,33150.0
"$4,400,000 ",3581 E Glencoe St #505, Miami,FL,
"$2,200,000 ",7500 SW 55th Ave, Miami,FL,33143.0
"$1,385,000 ",769 NE 77th Ter, Miami,FL,33138.0
"$589,000 ",2725 SW 65th Ave, Miami,FL,33155.0
"$295,000 ",60 SW 13th St APT 2003, Miami,FL,33130.0
"$395,000 ",2525 SW 3rd Ave APT 1206, Miami,FL,33129.0
"$784,000 ",68 SE 6th St APT 907, Miami,FL,33131.0
"$1,145,000 ",650 NE 32nd St UNIT 2601, Miami,FL,33137.0
"$250,000 ",50 Biscayne Blvd APT 603, Miami,FL,33132.0
"$275,000 ",1750 N Bayshore Dr APT 4509, Miami,FL,33132.0
"$1,399,000 ",8641 Arboretum Ln, Miami,FL,
"$550,000 ",2980 SW 16th Ter, Miami,FL,33145.0
"$485,000 ",901 Brickell Key Blvd APT 1602, Miami,FL,33131.0
"$2,999,999 ",568 Hibiscus Ln, Miami,FL,33137.0
"$350,000 ",17-44 166th St, Whitestone,NY,11357.0
"$324,900 ",448 Neptune Ave APT 18A, Brooklyn,NY,11224.0
"$380,000 ",637 41st St APT 2D, Brooklyn,NY,11232.0
"$340,000 ",21-68 35th St #3F, Astoria,NY,11105.0
"$1,799,000 ",18-13 26th Ave #1, Astoria,NY,11102.0
"$210,000 ",255 Fieldston Ter APT 4E, Bronx,NY,10471.0
"$228,000 ",19958 21st Ave #1-166, Whitestone,NY,11357.0
"$388,000 ",9952 66th Rd APT 9D, Rego Park,NY,11374.0
"$449,000 ",3165 Emmons Ave APT 1E, Brooklyn,NY,11235.0
"$669,000 ",1973 E 33rd St, Brooklyn,NY,11234.0
"$1,750,000 ",129 Tiffany Pl #A, Brooklyn,NY,11231.0
"$1,499,000 ",433 Beach 143 St, Rockaway Park,NY,11694.0
"$695,000 ",249 Eldridge St APT 19, New York,NY,10002.0
"$725,000 ",314 W 19th St APT 4A, New York,NY,10011.0
"$450,000 ",14 Orchard St APT 4G, New York,NY,10002.0
"$276,400 ",70 Selvin Loop #1, Staten Island,NY,10303.0
"$765,000 ",3425 Olinville Ave, Bronx,NY,10467.0
"$665,850 ",8081 88th Ave, Jamaica,NY,11421.0
"$849,850 ",1181 E 84th St, Brooklyn,NY,11236.0
"$899,900 ",104-09 Martense Ave, Corona,NY,11368.0
"$1,200,000 ",246-11 52nd Ave, Little Neck,NY,11362.0
"$665,000 ",1912 Avenue H #4H, Brooklyn,NY,11230.0
"$1,625,000 ",120 E 75th St #7A, New York,NY,10021.0
"$875,000 ",305 E 24th St APT 11B, New York,NY,10010.0
"$300,000 ",54-17 31st Ave #A2O, Woodside,NY,11377.0
"$563,500 ",3424 Tiemann Ave, Bronx,NY,10469.0
"$448,500 ",2666 Briggs Ave, Bronx,NY,10458.0
"$4,370,000 ",25 Central Park W APT 16I, New York,NY,10023.0
"$435,000 ",210 E 21st St APT 4D, New York,NY,10010.0
"$415,000 ",61-35 98th St #7H, Rego Park,NY,11374.0
"$829,000 ",2 Tudor City Pl APT 4JS, New York,NY,10017.0
"$2,550,000 ",200 Chambers St APT 16B, New York,NY,10007.0
"$569,000 ",12202 Linden Blvd, South Ozone Park,NY,11420.0
"$584,200 ",10242 188th St, Jamaica,NY,11423.0
"$572,700 ",16 W 11th Rd, Broad Channel,NY,11693.0
"$517,500 ",74 Dubois Ave, Staten Island,NY,10310.0
"$429,000 ",103-06 Rockaway Beach Blvd #1A, Rockaway Park,NY,11694.0
"$330,000 ",29 Eleanor Pl, Staten Island,NY,10303.0
"$1,348,888 ",8770 25th Ave, Brooklyn,NY,11214.0
"$836,000 ",182 Olympia Blvd, Staten Island,NY,10305.0
"$474,900 ",2935 W Master St, Philadelphia,PA,
"$219,000 ",1200 Stirling St, Philadelphia,PA,19111.0
"$305,000 ",11910 Barlow St, Philadelphia,PA,19116.0
"$229,900 ",3148 Cottman Ave, Philadelphia,PA,19149.0
"$479,900 ",3734 Brandywine St, Philadelphia,PA,19104.0
"$189,900 ",7051 Charles St, Philadelphia,PA,19135.0
"$275,000 ",821 Stanwood St, Philadelphia,PA,19111.0
"$99,950 ",244 Laveer St, Philadelphia,PA,19120.0
"$329,900 ",9258 Annapolis Rd, Philadelphia,PA,19114.0
"$59,999 ",3151 G St #G, Philadelphia,PA,19134.0
"$479,000 ",1113 S 7th St, Philadelphia,PA,19147.0
"$267,000 ",7936 Langdon St, Philadelphia,PA,19111.0
"$389,900 ",1223 N 5th St #1, Philadelphia,PA,19122.0
"$825,000 ",224-30 W Rittenhouse St #606, Philadelphia,PA,19144.0
"$150,000 ",6027 Hegerman St, Philadelphia,PA,19135.0
"$150,000 ",1766 N Aberdeen St, Philadelphia,PA,19131.0
"$450,000 ",720 Grakyn Ln, Philadelphia,PA,19128.0
"$252,000 ",2649 Braddock St, Philadelphia,PA,19125.0
"$489,000 ",551 Dupont St, Philadelphia,PA,
"$489,000 ",553 Dupont St, Philadelphia,PA,
"$75,000 ",2321 N Lambert St, Philadelphia,PA,19132.0
"$340,000 ",11981 Dumont Rd, Philadelphia,PA,19116.0
"$264,900 ",5409 Vicaris St, Philadelphia,PA,19128.0
"$365,500 ",1126 Linn St, Philadelphia,PA,19147.0
"$84,900 ",2707 W Westmoreland St, Philadelphia,PA,19129.0
"$299,900 ",2870 Walnut Hill St, Philadelphia,PA,19152.0
"$545,000 ",908-10 Spruce St APT 4, Philadelphia,PA,19107.0
"$59,999 ",3151 G St, Philadelphia,PA,19134.0
"$175,900 ",6024 Frontenac St, Philadelphia,PA,19149.0
"$749,000 ",1327 S Hancock St, Philadelphia,PA,19147.0
"$165,000 ",612 Lindley Ave, Philadelphia,PA,19120.0
"$70,000 ",1669 Orthodox St, Philadelphia,PA,19124.0
"$429,000 ",2212 E Gordon St, Philadelphia,PA,19125.0
"$339,000 ",2321 Solly Ave, Philadelphia,PA,19152.0
"$70,000 ",1667 Orthodox St, Philadelphia,PA,19124.0
"$385,000 ",1810 Rittenhouse Sq APT 608, Philadelphia,PA,19103.0
"$154,900 ",6221 N Palethorp St, Philadelphia,PA,19120.0
"$70,000 ",1665 Orthodox St, Philadelphia,PA,19124.0
"$239,900 ",2737 Maxwell St, Philadelphia,PA,19136.0
"$245,000 ",1537 Stoney Ln #B, Philadelphia,PA,19115.0
"$799,000 ",5343 E Avalon Dr, Phoenix,AZ,85018.0
"$219,000 ",4502 W Continental Dr, Glendale,AZ,85308.0
"$449,000 ",1921 E Daley Ln, Phoenix,AZ,85024.0
"$385,000 ",4609 E Robert E Lee St, Phoenix,AZ,85032.0
"$624,995 ",1002 W Glenn Dr, Phoenix,AZ,85021.0
"$659,900 ",2158 E Sapium Way, Phoenix,AZ,85048.0
"$465,000 ",16638 S 38th Way, Phoenix,AZ,85048.0
"$270,000 ",2046 W Sherman St, Phoenix,AZ,85009.0
"$390,000 ",10612 N 27th St, Phoenix,AZ,85028.0
"$1,095,000 ",15215 N Kierland Blvd UNIT 432, Scottsdale,AZ,85254.0
"$675,000 ",16218 N 51st St, Scottsdale,AZ,85254.0
"$365,000 ",1117 E Fillmore St, Phoenix,AZ,85006.0
"$245,000 ",7044 S 16th Dr, Phoenix,AZ,85041.0
"$475,000 ",16330 N 2nd Ave, Phoenix,AZ,85023.0
"$599,000 ",9626 N 33rd St, Phoenix,AZ,85028.0
"$700,000 ",22831 N 39th Ter, Phoenix,AZ,85050.0
"$214,900 ",4050 W Rovey Ave, Phoenix,AZ,85019.0
"$425,000 ",4624 E Saint John Rd, Phoenix,AZ,85032.0
"$415,000 ",3308 W Florimond Rd, Phoenix,AZ,85086.0
"$80,000 ",16242 N 27th St, Phoenix,AZ,85032.0
"$269,500 ",475 N 9th St #307, Phoenix,AZ,
"$699,800 ",16013 N 58th Pl, Scottsdale,AZ,85254.0
"$204,500 ",475 N 9th St #102, Phoenix,AZ,
"$215,000 ",3852 N 63rd Dr, Phoenix,AZ,85033.0
"$249,900 ",4850 E Desert Cove Ave UNIT 241, Scottsdale,AZ,85254.0
"$220,000 ",5313 W Raymond St, Phoenix,AZ,85043.0
"$495,000 ",15221 N Clubgate Dr UNIT 2001, Scottsdale,AZ,85254.0
"$504,900 ",15221 N Clubgate Dr UNIT 2031, Scottsdale,AZ,85254.0
"$264,777 ",4037 W San Juan Ave, Phoenix,AZ,85019.0
"$1,095,000 ",4215 E Weldon Ave, Phoenix,AZ,85018.0
"$237,000 ",3625 W Saint Charles Ave, Phoenix,AZ,85041.0
"$204,900 ",8230 W Cheery Lynn Rd, Phoenix,AZ,85033.0
"$685,000 ",2347 W Coolidge St, Phoenix,AZ,85015.0
"$200,000 ",3532 W Banff Ln, Phoenix,AZ,85053.0
"$995,000 ",5130 N 22nd Ave, Phoenix,AZ,85015.0
"$480,000 ",5525 N 2nd Pl LOT 4, Phoenix,AZ,85012.0
"$230,000 ",801 W Piedmont Rd, Phoenix,AZ,85041.0
"$280,000 ",10120 W Raymond St, Tolleson,AZ,85353.0
"$359,900 ",14239 N 22nd St, Phoenix,AZ,85022.0
"$330,000 ",1622 E Cheery Lynn Rd, Phoenix,AZ,85016.0
"$249,900 ",90 Mount Lebanon Blvd, Pittsburgh,PA,15228.0
"$334,900 ",416 Hickory Ct, Pittsburgh,PA,15238.0
"$269,900 ",4587 Clubvue Dr, Pittsburgh,PA,15236.0
"$269,900 ",4587-1110 Greentree Rd, Pittsburgh,PA,15220.0
"$449,000 ",519 Farndale Rd, Pittsburgh,PA,15238.0
"$234,000 ",130 Link Ave, Pittsburgh,PA,15237.0
"$429,000 ",31 Mission Dr, Pittsburgh,PA,15228.0
"$115,000 ",88 Beltzhoover Ave, Pittsburgh,PA,15210.0
"$664,900 ",820 College Ave, Pittsburgh,PA,15232.0
"$139,000 ",128 Williams Pl, Pittsburgh,PA,15221.0
"$598,000 ",2343 Morton Rd, Pittsburgh,PA,15241.0
"$319,900 ",915 Wettach St, Pittsburgh,PA,15212.0
"$299,949 ",569 Kelso Rd, Pittsburgh,PA,15243.0
"$69,900 ",1431 Adams St, Pittsburgh,PA,15233.0
"$345,000 ",1212 Sky Ridge Dr, Pittsburgh,PA,15241.0
"$2,650,000 ",1 Edgewood Rd, Pittsburgh,PA,15215.0
"$199,000 ",1967 W Beckert Ave, Pittsburgh,PA,15212.0
"$285,000 ",517 Perrymont Rd, Pittsburgh,PA,15237.0
"$319,900 ",533 Moreland Dr, Pittsburgh,PA,15243.0
"$27,000 ",3919 Portman Ave, Pittsburgh,PA,15214.0
"$25,000 ",424 Saint Joseph St, Pittsburgh,PA,15210.0
"$138,000 ",4575 Echo Glen Dr, Pittsburgh,PA,15236.0
"$75,000 ",1516 Loretta Dr, Pittsburgh,PA,15235.0
"$429,000 ",464 Arden Rd, Pittsburgh,PA,15216.0
"$279,900 ",2320 Eldridge St, Pittsburgh,PA,15217.0
"$114,700 ",761 Lee Avenue Ext, Pittsburgh,PA,15237.0
"$195,000 ",4723 Theodore St, Homestead,PA,15120.0
"$229,000 ",132 Brunner Dr, Pittsburgh,PA,15214.0
"$85,000 ",420 N Chestnut St APT 103, Pittsburgh,PA,15202.0
"$284,000 ",184 Martha Ave, Pittsburgh,PA,15209.0
"$235,000 ",1 Trimont Ln APT 202P, Pittsburgh,PA,15211.0
"$285,000 ",186 S 16th St, Pittsburgh,PA,15203.0
"$269,900 ",5605 Villahaven Dr, Pittsburgh,PA,15236.0
"$219,000 ",10 Chestnut St, Pittsburgh,PA,15202.0
"$325,000 ",104 Seddon Rd, Pittsburgh,PA,15218.0
"$1,250,000 ",692 Country Club Dr, Pittsburgh,PA,15228.0
"$649,000 ",28 Easton Rd, Pittsburgh,PA,15238.0
"$178,500 ",2216 Palm Beach Ave, Pittsburgh,PA,15216.0
"$369,900 ",2344 Norton Rd, Pittsburgh,PA,15241.0
"$235,500 ",5 Bayard Rd APT 819, Pittsburgh,PA,15213.0
"$479,900 ",6690 SE 67th Ave, Portland,OR,
"$779,000 ",4224 SW Condor Ave, Portland,OR,97239.0
"$369,900 ",5286 NE 72nd Ave, Portland,OR,97218.0
"$399,900 ",4024 N Commercial Ave, Portland,OR,97227.0
"$485,000 ",3505 SE 16th Ave, Portland,OR,97202.0
"$485,000 ",4104 NE 73rd Ave, Portland,OR,97218.0
"$675,000 ",14585 NW Larson Rd UNIT 5, Portland,OR,97231.0
"$749,900 ",2565 NE 33rd Ave, Portland,OR,97212.0
"$590,000 ",2309 SW 1st Ave APT 942, Portland,OR,97201.0
"$365,000 ",6024 SE 89th Ave, Portland,OR,97266.0
"$399,900 ",14641 NE Russell Ct, Portland,OR,97230.0
"$649,000 ",17010 NW Tristan St, Portland,OR,97229.0
"$1,625,000 ",3401 NE Couch St, Portland,OR,97232.0
"$950,000 ",13929 NW Glendoveer Dr, Portland,OR,97231.0
"$780,000 ",1420 NW Lovejoy St APT 714, Portland,OR,97209.0
"$599,000 ",410 NE 71st Ave, Portland,OR,97213.0
"$965,000 ",1368 SW 58th Ave, Portland,OR,97221.0
"$758,000 ",10333 SW Terwilliger Pl, Portland,OR,97219.0
"$474,750 ",3909 SE Bybee Blvd, Portland,OR,97202.0
"$849,900 ",681 NW 94th Ter, Portland,OR,97229.0
"$399,000 ",5946 SE Kelly St, Portland,OR,97206.0
"$650,000 ",3100 NW Wilson St, Portland,OR,97210.0
"$189,000 ",6220 SW Capitol Hwy APT 7, Portland,OR,97239.0
"$465,000 ",5504 SW Seymour Ct, Portland,OR,97221.0
"$330,000 ",6816 SE 86th Ave, Portland,OR,97266.0
"$650,000 ",5254 N Princeton St, Portland,OR,97203.0
"$485,000 ",2824 SE Division St, Portland,OR,97202.0
"$254,950 ",14925 NE Sacramento St UNIT 20, Portland,OR,97230.0
"$419,950 ",6942 SE 112th Ave, Portland,OR,97266.0
"$319,900 ",610 SW Nevada St APT F, Portland,OR,97219.0
"$235,000 ",908 SW Gaines St APT 19, Portland,OR,97239.0
"$895,000 ",107 SW Kingston Ave, Portland,OR,97205.0
"$550,000 ",4233 SE Lexington St, Portland,OR,97206.0
"$249,900 ",4411 NE Killingsworth St UNIT 208, Portland,OR,97218.0
"$1,799,900 ",1920 SW River Dr UNIT 1202, Portland,OR,97201.0
"$760,000 ",4406 SE Belmont St, Portland,OR,97215.0
"$900,000 ",4333 NE Brazee St, Portland,OR,97213.0
"$410,000 ",17 NE Lombard St, Portland,OR,97211.0
"$637,500 ",7205 SE 71st Ave, Portland,OR,97206.0
"$785,000 ",6223 SE 31st Ave, Portland,OR,97202.0
"$800,000 ",1511 E Marion St, Seattle,WA,98122.0
"$785,000 ",3723 60th Ave SW, Seattle,WA,98116.0
"$525,000 ",2911 2nd Ave UNIT 1017, Seattle,WA,98121.0
"$460,000 ",159 Denny Way APT 210, Seattle,WA,98109.0
"$1,249,999 ",2631 W Boston St, Seattle,WA,98199.0
"$980,000 ",1928 35th Ave W, Seattle,WA,98199.0
"$1,350,000 ",1018 W Garfield St, Seattle,WA,98119.0
"$535,000 ",5016 California Ave SW APT 606, Seattle,WA,98136.0
"$749,950 ",125 E Lynn St UNIT 103, Seattle,WA,98102.0
"$575,000 ",7053 16th Ave SW, Seattle,WA,98106.0
"$525,000 ",328 NW 79th St, Seattle,WA,98117.0
"$875,000 ",11549 24th Ave NE, Seattle,WA,98125.0
"$380,000 ",1221 Minor Ave APT 601, Seattle,WA,98101.0
"$799,000 ",8132 5th Ave SW, Seattle,WA,98106.0
"$565,000 ",2911 2nd Ave UNIT 304, Seattle,WA,98121.0
"$515,000 ",2801 1st Ave APT 1102, Seattle,WA,98121.0
"$1,099,000 ",6518 1st Ave NW, Seattle,WA,98117.0
"$719,950 ",2131 N 88th St, Seattle,WA,98103.0
"$290,000 ",2334 NE 102nd St APT 203, Seattle,WA,98125.0
"$667,000 ",1766 NW 59th St #B, Seattle,WA,98107.0
"$1,899,950 ",342 NW 89th St, Seattle,WA,
"$375,000 ",3661 Phinney Ave N APT 106, Seattle,WA,98103.0
"$945,000 ",1728 104th Ave NE, Seattle,WA,98125.0
"$889,000 ",1106 NW 64th St, Seattle,WA,98107.0
"$2,750,000 ",1414 E Valley St, Seattle,WA,98112.0
"$874,950 ",3104 14th Ave S, Seattle,WA,98144.0
"$795,000 ",4710 48th Ave S, Seattle,WA,98118.0
"$1,049,950 ",588 Bell St #2802S, Seattle,WA,98121.0
"$900,000 ",7541 Seward Park Ave S, Seattle,WA,98118.0
"$395,000 ",2414 1st Ave APT 508, Seattle,WA,98121.0
"$799,999 ",5725 38th Ave NE, Seattle,WA,98105.0
"$324,950 ",408 Bellevue Ave E APT 305, Seattle,WA,98102.0
"$1,375,000 ",11023 23rd Ave NE, Seattle,WA,
"$975,000 ",1634 N 53rd St, Seattle,WA,98103.0
"$819,000 ",1808 Minor Ave #2407, Seattle,WA,98101.0
"$645,000 ",1308 S College St, Seattle,WA,98144.0
"$399,999 ",275 W Roy St APT 104, Seattle,WA,98119.0
"$425,000 ",2415 2nd Ave APT 549, Seattle,WA,98121.0
"$825,000 ",2112 14th Ave S, Seattle,WA,
"$639,000 ",3047 NE 97th St, Seattle,WA,98115.0
"$2,195,000 ",450 Kansas St, San Francisco,CA,94107.0
"$1,495,000 ",815 Union St, San Francisco,CA,94133.0
"$1,805,000 ",280 Spear St UNIT 11A, San Francisco,CA,94105.0
"$1,249,000 ",631 Folsom St APT 11F, San Francisco,CA,94107.0
"$789,000 ",226 27th St APT 10, San Francisco,CA,94131.0
"$2,395,000 ",1500 11th Ave, San Francisco,CA,94122.0
"$2,150,000 ",324 32nd Ave, San Francisco,CA,94121.0
"$2,425,000 ",145 Buchanan St, San Francisco,CA,94102.0
"$2,199,000 ",1390 41st Ave, San Francisco,CA,94122.0
"$1,190,000 ",134-150 Porter St, San Francisco,CA,94110.0
"$1,750,000 ",262 Funston Ave, San Francisco,CA,94118.0
"$1,375,000 ",398 Guerrero St #4, San Francisco,CA,94103.0
"$2,950,000 ",407 Missouri St, San Francisco,CA,94107.0
"$1,798,888 ",401 Harrison St APT 14C, San Francisco,CA,94105.0
"$950,000 ",1488 Harrison St APT 203, San Francisco,CA,94103.0
"$1,995,000 ",2828 Wawona St, San Francisco,CA,94116.0
"$1,500,000 ",1732 Fell St, San Francisco,CA,94117.0
"$5,600,000 ",164 Belvedere St, San Francisco,CA,94117.0
"$1,195,000 ",130 Baden St, San Francisco,CA,94131.0
"$2,995,000 ",76 Divisadero St, San Francisco,CA,94117.0
"$995,000 ",201-103 Harrison St, San Francisco,CA,94105.0
"$1,025,000 ",3301 Cesar Chavez #A, San Francisco,CA,94110.0
"$1,095,000 ",3305 Cesar Chavez St, San Francisco,CA,94110.0
"$1,699,000 ",875 Indiana St UNIT 515, San Francisco,CA,94107.0
"$2,250,000 ",480-482 Funston Ave, San Francisco,CA,94118.0
"$2,395,000 ",5 Dawson Pl, San Francisco,CA,94108.0
"$1,700,000 ",649 28th St, San Francisco,CA,94131.0
"$1,529,000 ",255 Berry St APT 519, San Francisco,CA,94158.0
"$4,998,000 ",2169 Folsom St APT M305, San Francisco,CA,94110.0
"$1,199,000 ",1278 Sacramento St, San Francisco,CA,94108.0
"$1,995,000 ",338 Main St UNIT 17A, San Francisco,CA,94105.0
"$749,000 ",1 Edgar Pl, San Francisco,CA,94112.0
"$1,495,000 ",1904 Steiner St #C, San Francisco,CA,94115.0
"$878,000 ",197-199 Joost Ave, San Francisco,CA,94131.0
"$1,149,000 ",401 Harrison St APT 24G, San Francisco,CA,94105.0
"$1,895,000 ",262 6th Ave, San Francisco,CA,94118.0
"$949,000 ",1222 43rd Ave, San Francisco,CA,94122.0
"$1,399,000 ",10 S Park St APT 9, San Francisco,CA,94107.0
"$3,750,000 ",888 Waller St, San Francisco,CA,94117.0
409900,The Crawford Plan, The Maxwell,,
224900,1975 Nocturne Dr UNIT 2206, Alpharetta, GA 30009,
319900,7210 Post Park Way, Cumming, GA 30040,
755900,The Greenwood Plan, East of Main,,
615000,2560 Hamptons Run, Alpharetta, GA 30005,
502900,The Bennett Plan, Central Park at Deerfield Township,,
646198,144 Britten Pass, Alpharetta, GA,
620000,420 Guardsman Ct, Alpharetta, GA 30022,
374900,The Edgehill Plan, The Maxwell,,
1082000,Weatherford Plan, Shirley Estates,,
299000,200 Denna Dr, Alpharetta, GA 30009,
774900,The Sterling Plan, East of Main,,
925000,1670 Eversedge Dr, Alpharetta, GA 30009,
480900,The Wesley Plan, Central Park at Deerfield Township,,
1100000,West Main Plan E Plan, West Main Townhomes,,
364900,The Fortman Plan, The Maxwell,,
435000,11850 Dancliff Trce, Alpharetta, GA 30009,
353890,6015 Stella Dr, Alpharetta, GA,
435000,300 Park Creek Dr, Alpharetta, GA 30005,
449900,5560 Surrey Ct, Alpharetta, GA 30009,
538900,360 Aylesworth Cv, Alpharetta, GA 30022,
285000,10360 Ash Rill Dr, Alpharetta, GA 30022,
413900,Hunter Plan, Artisan,,
650000,12900 Cogburn Overlook, Alpharetta, GA 30004,
400000,10885 Pinewalk Forest Cir, Alpharetta, GA 30022,
339000,2630 Highland Pass, Alpharetta, GA 30004,
434900,EDISON Plan, Caravelle at Windward Park : Caravelle,,
400000,10885 Pinewalk Forest Cir #38, Alpharetta, GA 30022,
1100000,Rosemoore Plan, Shirley Estates,,
400400,590 Duval Dr #0, Alpharetta, GA 30009,
400400,570 Duval Dr #0, Alpharetta, GA 30009,
398250,909 Catamaran Ct #0, Alpharetta, GA 30005,
599460,290 Villa Magnolia Ln #0, Alpharetta, GA 30009,
446405,720 Topsail Ln #0, Alpharetta, GA 30005,
598720,340 Villa Magnolia Ln #0, Alpharetta, GA 30009,
400250,585 Duval Dr #0, Alpharetta, GA 30009,
426800,560 Duval Dr #0, Alpharetta, GA 30009,
664205,330 Villa Magnolia Ln #0, Alpharetta, GA 30009,
427100,600 Duval Dr #0, Alpharetta, GA 30009,
420900,565 Duval Dr #0, Alpharetta, GA 30009,
204990,Bellevue Plan, Stoney Ridge,,
750000,2710 W 49th St, Austin, TX 78731,
439900,1417 Kramer Ln #22, Austin, TX 78758,
449900,1417 Kramer Ln #24, Austin, TX 78758,
497990,Plan 242 Plan, Parten  75ft. lots,,
429900,5608 Wolf Ct, Austin, TX 78731,
380000,1110 Eleanor St, Austin, TX 78721,
567990,Plan 224 Plan, Parten  85ft. lots,,
172500,908 Poplar St APT 105, Austin, TX 78705,
1195000,Castleton B Plan, The Grove,,
310000,1741 Spyglass Dr #1-224, Austin, TX 78746,
795000,6502 Shadow Valley Dr #A & B, Austin, TX 78731,
260000,1106 Crown Oaks Dr, Austin, TX 78753,
375000,9706 Tanglemede St, Austin, TX 78748,
439000,10032 Valona Dr, Austin, TX 78717,
312205,15111 Forum Ave, Pflugerville, TX 78660,
899900,11012 Roy Butler Dr, Austin, TX 78717,
788000,6708 Sangiacomo Cv, Austin, TX 78759,
319000,12317 Emery Oaks Rd, Austin, TX 78758,
297990,Lamar Plan, Vistas of Austin,,
423990,Maestro Plan, Park at 51 East,,
104995,13021 Dessau Rd. #479 Plan, River Ranch,,
347000,Bennet Plan, Goodnight Ranch,,
93995,7600 Daffan Lane #506 Plan, Oak Crest,,
486990,Plan 204 Plan, Parten  75ft. lots,,
275990,Marion Plan, Bradshaw Crossing   Ridgepointe and Cottage Collection,,
489990,Samira Plan, Parten 75s,,
735000,Laurel C Plan, The Grove,,
280950,Madison B Plan, Kendall Lakes,,
252800,Elise B Plan, Kendall Lakes,,
274150,Elise B GR Plan, Kendall Lakes,,
224740,Balboa Plan, Mustang Crossing,,
195990,Polo Plan, Mustang Crossing,,
--,Coming Soon Plan, Mustang Ridge,,
273150,Elise C GR Plan, Kendall Lakes,,
230000,1517 Bayou Dr, Alvin, TX 77511,
217740,Pizarro Plan, Mustang Crossing,,
235000,5180 Kendall Cove Ct, Alvin, TX 77511,
232490,Magellan Plan, Mustang Crossing,,
179900,7ACRE Fm 2403 Rd, Alvin, TX 77511,
205490,Desoto Plan, Mustang Crossing,,
225000,1723 Redwood Cir, Alvin, TX 77511,
286500,Lennox B Plan, Kendall Lakes,,
225990,5193 Dry Hollow Dr, Alvin, TX,
222490,Hudson Plan, Mustang Crossing,,
Est. $185712,1609 S Booth Ln, Alvin, TX 77511,
228900,1820 Winding Trail Ln, Alvin, TX 77511,
183240,Primrose Plan, Mustang Crossing,,
230000,704 Columbia St, Alvin, TX 77511,
216740,Boone Plan, Mustang Crossing,,
219900,383 De Coster Blvd, Alvin, TX 77511,
311950,Rylan B Plan, Kendall Lakes,,
213740,Cabot Plan, Mustang Crossing,,
227490,Cortez Plan, Mustang Crossing,,
317000,17200 East Ave, Alvin, TX 77511,
279000,502 W Sealy St, Alvin, TX 77511,
230000,1516 W Blum St, Alvin, TX,
189990,Magnolia Plan, Mustang Crossing,,
449000,0 Clifford St, Alvin, TX 77511,
362500,3387 Clearwood Cir, Alvin, TX 77511,
135000,17131 East Ave, Alvin, TX 77511,
524500,2002 Mustang Rd, Alvin, TX 77511,
247900,719 Rim Water Dr, Alvin, TX 77511,
345000,0 Rowan Burton Rd, Alvin, TX 77511,
170000,1502 Bellaire Blvd, Alvin, TX 77511,
178000,1611 W Sealy St, Alvin, TX 77511,
259000,394 Lake Line Dr, Alvin, TX 77511,
235000,1203 Quarterhorse Dr, Alvin, TX 77511,
599000,7261 Inkster Rd, Bloomfield Hills, MI 48301,
99900,408 Fox Hills Dr S #6, Bloomfield Hills, MI 48304,
748900,1808 E Mohawk Ct, Bloomfield Hills, MI 48302,
450000,3957 Spur Hill Dr, Bloomfield Hills, MI 48304,
899000,3060 Chickering Ln, Bloomfield Hills, MI 48302,
389000,2517 Wildbrook Run, Bloomfield Hills, MI 48304,
849000,4386 Compton Way, Bloomfield Hills, MI 48302,
699900,3939 Oakland Dr, Bloomfield Hills, MI 48301,
1250000,580 Hamilton Rd, Bloomfield Hills, MI 48301,
1850000,1257 Water Cliff Dr, Bloomfield Hills, MI 48302,
275000,4535 Pickering Rd, Bloomfield Hills, MI 48301,
399900,6070 Darramoor Rd, Bloomfield Hills, MI 48301,
875000,366 Sycamore Ct, Bloomfield Hills, MI 48302,
995000,1351 Club Dr, Bloomfield Hills, MI 48302,
789000,3225 E Bradford Dr, Bloomfield Hills, MI 48301,
599950,2849 Whittier Dr, Bloomfield Hills, MI 48304,
415000,1857 Ledbury Dr, Bloomfield Hills, MI 48304,
449000,1030 Joanne Ct, Bloomfield Hills, MI 48302,
519000,766 E Valley Chase Rd, Bloomfield Hills, MI 48304,
199900,4041 W Maple Rd APT E103, Bloomfield, MI 48301,
459000,7380 Saint Auburn Dr, Bloomfield Hills, MI 48301,
975000,711 Kennebec Ct, Bloomfield Hills, MI 48304,
1149000,257 Chestnut Cir, Bloomfield Hills, MI 48304,
227500,1650 Trailwood Path APT B, Bloomfield Hills, MI 48301,
168500,2005 Klingensmith Rd UNIT 64, Bloomfield Hills, MI 48302,
1025000,46 Bataan Dr, Bloomfield Hills, MI,
1300000,1184 Copperwood Dr, Bloomfield Hills, MI 48302,
935000,558 Kingsley Trl, Bloomfield Hills, MI 48304,
629900,3714 Durham Ct, Bloomfield Hills, MI 48302,
700000,3844 Mystic Valley Dr, Bloomfield Hills, MI 48302,
799900,1289 Water Cliff Dr, Bloomfield Hills, MI 48302,
1499900,3057 Heron Pointe Dr, Bloomfield Hills, MI 48302,
569000,5310 Longmeadow Rd, Bloomfield Hills, MI 48304,
894990,Hickory Plan, The Villas at Bloomfield Grove,,
600000,320 N Clifton Rd, Bloomfield Hills, MI 48301,
2899000,491 Martell Dr, Bloomfield Hills, MI 48304,
749500,559 Overhill Rd, Bloomfield Hills, MI 48301,
749900,182 N Glengarry Rd, Bloomfield Hills, MI 48301,
799000,473 N Cranbrook Rd, Bloomfield Hills, MI 48301,
725000,95 Hadsell Dr, Bloomfield Hills, MI 48302,
145900,1528 Lee Creek Rd, Belleville, WV 26133,
205000,65904 State Route 124, Reedsville, OH 45772,
35000,26 Belleville Dr, Belleville, WV 26133,
--,65980 State Route 124, Reedsville, OH 45772,
159000,67571 State Route 124, Reedsville, OH 45772,
174900,3312 N Stoneycrest Rd, Bloomington, IN 47404,
363500,2312 S Montclair Ave, Bloomington, IN 47401,
599500,415 W 7th St #274-275, Bloomington, IN 47404,
145000,3221 N Kinser Pike, Bloomington, IN 47404,
148900,708 S Cory Ln LOT 84, Bloomington, IN 47403,
309900,4515 S Cardinal Dr, Bloomington, IN 47403,
239900,1440 W Petal Ct, Bloomington, IN 47403,
144900,604 W Allen St, Bloomington, IN 47403,
128000,872 E Sherwood Hills Dr, Bloomington, IN 47401,
499900,3313 S Forrester St, Bloomington, IN 47401,
199900,5302 W Sycks Ct, Bloomington, IN 47404,
279000,3648 S Sowder Sq, Bloomington, IN 47401,
129900,9312 S Lake Ridge Dr #54, Bloomington, IN 47401,
340000,4000 S Jamie Ln, Bloomington, IN 47401,
285000,4321 E Walpole Ln, Bloomington, IN 47408,
280000,322 E 1st St, Bloomington, IN 47401,
157500,160 N Park Ridge Rd, Bloomington, IN 47408,
235000,3950 S Knightridge Rd, Bloomington, IN 47401,
515000,4291 S Windmill Ln, Bloomington, IN,
1250000,1501-1503 1513 S Walnut Street 106 & 110 E Hillside Dr #106, Bloomington, IN 47401,
149900,921 E Waterloo Dr, Bloomington, IN 47401,
26500,1390 W 8th St, Bloomington, IN 47404,
57900,4713 N Triple Crown Dr, Bloomington, IN 47404,
53900,4629 N Triple Crown Dr, Bloomington, IN 47404,
53900,4640 N Triple Crown Dr, Bloomington, IN 47404,
49900,4685 N Triple Crown Dr, Bloomington, IN 47404,
53900,4635 N Triple Crown Dr, Bloomington, IN 47404,
49900,4663 N Triple Crown Dr, Bloomington, IN 47404,
53900,4649 N Triple Crown Dr, Bloomington, IN 47404,
49900,4671 N Triple Crown Dr, Bloomington, IN 47404,
57900,4714 N Triple Crown Dr, Bloomington, IN 47404,
57900,4726 N Triple Crown Dr, Bloomington, IN 47404,
134900,221 N Adams St, Bloomington, IN 47404,
375000,915 S Rainier Ct, Bloomington, IN 47401,
209000,1398 W 8th St, Bloomington, IN 47404,
189900,3720 W Fullerton Pike, Bloomington, IN 47403,
214777,2566 S Addisyn Ln, Bloomington, IN 47403,
449000,304-308 W Kirkwood St, Bloomington, IN 47404,
1250000,1501-1501 1503 1513 S Walnut Street 106 #&-110, Bloomington, IN 47401,
595000,2150 E Mel Currie Rd, Bloomington, IN 47408,
330000,16795 Renwick St, Livonia, MI 48154,
163900,9132 Sunbury St, Livonia, MI 48150,
232000,35844 Richland St, Livonia, MI 48150,
219900,15486 Surrey St, Livonia, MI 48154,
239900,9323 Eastwind Dr, Livonia, MI 48150,
329900,34037 Burton Ln, Livonia, MI 48154,
389900,35557 Seven Mile Rd, Livonia, MI 48152,
293900,15925 Woodring Dr, Livonia, MI 48154,
259900,36554 Grandon St, Livonia, MI 48150,
195000,29955 Richland St, Livonia, MI 48150,
152900,9143 Deering St, Livonia, MI 48150,
280000,11402 Denne St, Livonia, MI 48150,
300000,17418 Country Club Dr, Livonia, MI 48152,
255000,17498 Doris St, Livonia, MI 48152,
260000,33079 Oakley St, Livonia, MI 48154,
239900,30855 Fargo St, Livonia, MI 48152,
274900,18963 Bainbridge Ave, Livonia, MI 48152,
249900,37160 Sherwood St, Livonia, MI 48154,
175000,20125 Rensellor St, Livonia, MI 48152,
190000,35457 Elmira St, Livonia, MI 48150,
305900,35511 Wood St, Livonia, MI 48154,
235000,15186 Norman St, Livonia, MI 48154,
239900,34210 Orangelawn St, Livonia, MI 48150,
364900,16533 Country Club Dr, Livonia, MI 48154,
170000,32710 Ohio St, Livonia, MI 48150,
229900,18419 Irving St, Livonia, MI 48152,
144900,19628 Rensellor St, Livonia, MI 48152,
379900,34608 Pinehurst Dr, Livonia, MI 48154,
369900,37749 Pickford Dr, Livonia, MI 48152,
209900,14518 Melrose St, Livonia, MI 48154,
239900,35312 Elmira St, Livonia, MI 48150,
349000,27928 Western Golf Dr, Livonia, MI 48154,
275000,15132 Blue Skies St, Livonia, MI 48154,
85000,27724 Fargo St, Livonia, MI 48152,
310000,15525 Hubbard St, Livonia, MI 48154,
179900,11200 Harrison St, Livonia, MI 48150,
2000000,31630 Plymouth Rd, Livonia, MI 48150,
285000,30647 Pickford St, Livonia, MI 48152,
255000,18597 Levan Rd, Livonia, MI 48152,
169900,29683 Nottingham Cir, Livonia, MI 48152,
149000,24071 Chicago St, Dearborn, MI 48124,
179000,2624 Academy St, Dearborn, MI 48124,
199900,6118 Neckel St, Dearborn, MI 48126,
199700,2005 Edgewood St, Dearborn, MI 48124,
119900,2144 Homeplace St, Dearborn, MI 48124,
149900,3023 Geneva St, Dearborn, MI 48124,
79900,5523 Hartwell St, Dearborn, MI 48126,
149900,648 Mayburn St, Dearborn, MI 48128,
289900,6420 Argyle St, Dearborn, MI 48126,
144900,22240 Tenny St, Dearborn, MI 48124,
139900,5915 Steadman St, Dearborn, MI 48126,
279000,7518 Williamson St, Dearborn, MI 48126,
129900,22905 Sheridan St, Dearborn, MI 48128,
141900,5460 Mead St, Dearborn, MI 48126,
160000,3804 Mckinley St, Dearborn, MI 48124,
107500,24061 Calvin St, Dearborn, MI 48124,
104900,21800 Morley Ave APT 919, Dearborn, MI 48124,
159900,18503 Audette St, Dearborn, MI 48124,
20000,30 Morross Cir, Dearborn, MI 48126,
144900,5226 Argyle St, Dearborn, MI 48126,
199900,6456 Yinger Ave, Dearborn, MI 48126,
69900,1439 S Telegraph Rd, Dearborn, MI 48124,
279999,23900 Fordson Dr, Dearborn, MI 48124,
189900,429 Robindale Ave, Dearborn, MI 48128,
169000,4650 Curtis St, Dearborn, MI 48126,
199900,6134 Neckel St, Dearborn, MI 48126,
22900,3246 Harding St, Dearborn, MI 48124,
140000,3147 Culver Ave, Dearborn, MI 48124,
279900,22218 Abbey Ln, Dearborn, MI 48124,
239900,22334 Beech St, Dearborn, MI 48124,
122000,24638 Calvin St, Dearborn, MI 48124,
209800,101 S York St, Dearborn, MI 48124,
129900,10 Carlton Ln, Dearborn, MI 48120,
159900,2433 Grindley Park St, Dearborn, MI 48124,
129900,6 Carlton Ln, Dearborn, MI 48120,
339000,15852 Longmeadow St, Dearborn, MI 48120,
289000,445 S Waverly St, Dearborn, MI 48124,
180000,828 N York St, Dearborn, MI 48128,
115000,22925 Cleveland St, Dearborn, MI 48124,
179700,702 S Brady Rd, Dearborn, MI 48124,
499946,1946 Calvert St NW APT 1, Washington, DC 20009,
525000,5308 Kansas Ave NW, Washington, DC 20011,
369500,3315 Ely Pl SE, Washington, DC 20019,
1550000,3321 Mckinley St NW, Washington, DC 20015,
1185000,3408 13th St NW, Washington, DC 20010,
325000,574 49th Pl NE, Washington, DC 20019,
339900,1016 17th Pl NE #105, Washington, DC,
304900,1016 17th Pl NE #7, Washington, DC,
184000,44 49th St SE APT 201, Washington, DC 20019,
475000,1432 V St SE, Washington, DC 20020,
359900,3902-3902 14th St NW #416, Washington, DC 20011,
359900,3902 14th St NW APT 416, Washington, DC 20011,
879000,1915 Shepherd St NE, Washington, DC 20018,
525000,1616 26th Pl SE #2, Washington, DC,
1050000,203 15th St NE, Washington, DC 20002,
599000,4731 4th St NW, Washington, DC 20011,
549000,3900 Watson Pl NW #A-7C, Washington, DC 20016,
424900,2100 19th St NW #801, Washington, DC 20009,
600000,2338 13th Pl NE, Washington, DC 20018,
430000,1924 Trenton Pl SE, Washington, DC 20020,
365000,2440 16th St NW APT 104, Washington, DC 20009,
1200000,500 Dahlia St NW, Washington, DC 20012,
399000,1000 New Jersey Ave SE UNIT 1217, Washington, DC 20003,
799000,5113 Western Ave NW, Washington, DC 20016,
850000,1832 Varnum St NE, Washington, DC 20018,
1225000,1401 Q St NW APT 205, Washington, DC 20009,
679000,2511 Queens Chapel Rd NE, Washington, DC,
650000,5303 13th St NW, Washington, DC 20011,
629000,122 Tuckerman St NE, Washington, DC 20011,
589000,710 Sheridan St NW, Washington, DC 20011,
560000,3823 Commodore Joshua Barney Dr NE, Washington, DC 20018,
1200000,3922 14th St NW, Washington, DC 20011,
949999,904 Quincy St NE, Washington, DC 20017,
398500,2501 Sayles Pl SE APT 11, Washington, DC 20020,
689900,The Corcoran Plan, Riggs Park Place,,
839999,1226 Oates St NE, Washington, DC 20002,
549900,57 N St NW #H-102, Washington, DC,
479900,57 N St NW #H-310, Washington, DC,
599000,919 Florida Ave NW APT 603, Washington, DC 20001,
689000,1337 K St SE #202, Washington, DC 20003,
99900,13209 Klinger St, Detroit, MI 48212,
119900,20192 San Juan Dr, Detroit, MI 48221,
64000,16235 Snowden St, Detroit, MI 48235,
135900,17609 Woodingham Dr, Detroit, MI 48221,
99000,20830 Joy Rd, Detroit, MI 48228,
70000,15695 Edmore Dr, Detroit, MI 48205,
120000,5901 Hillcrest St, Grosse Pointe, MI 48236,
55000,15810 Griggs St, Detroit, MI 48238,
39900,19129 Gruebner St, Detroit, MI 48234,
69900,4059 Trenton St, Detroit, MI 48210,
25000,18040 Fenelon St, Detroit, MI 48234,
25000,10284 Delmar St, Detroit, MI 48211,
25000,8083 Bryden St, Detroit, MI 48204,
25000,8080 Bryden St, Detroit, MI 48204,
25000,8075 Bryden St, Detroit, MI 48204,
25000,8060 Bryden St, Detroit, MI 48204,
25000,18599 Russell St, Detroit, MI 48203,
159900,17326 Santa Rosa Dr, Detroit, MI 48221,
25000,8904 Vaughan St, Detroit, MI 48228,
25000,18859 Orleans St, Detroit, MI 48203,
269000,8200 E Jefferson Ave APT 609, Detroit, MI 48214,
25000,10123 Maplelawn St, Detroit, MI 48204,
25000,12343 Lansdowne St, Detroit, MI 48224,
25000,191 E Grixdale Ave, Detroit, MI 48203,
25000,90 E Greendale St, Highland Park, MI 48203,
15000,427 Marston St, Detroit, MI 48202,
25000,9354 Bessemore St, Detroit, MI 48213,
69000,15779 Murray Hill St, Detroit, MI 48227,
169000,4866 Grayton St, Detroit, MI 48224,
1000,3330 Greyfriars St, Detroit, MI 48217,
1000,12876 Hubbell St, Detroit, MI 48227,
1000,9401 Ravenswood St, Detroit, MI 48204,
1000,18011 Gilchrist St, Detroit, MI 48235,
100000,18451-18453 Lesure St, Detroit, MI 48235,
248000,5766 Trumbull St APT 211, Detroit, MI 48208,
223900,Ontario Plan, Great Lakes Tower,,
85000,8347 Hubbell St, Detroit, MI 48228,
29900,19360 Murray Hill St, Detroit, MI 48235,
210000,5766 Trumbull St APT 106, Detroit, MI 48208,
19900,16595 Lilac St, Detroit, MI 48221,
699900,Five Plan, Alto at Stapleton,,
879000,4551 Vrain St, Denver, CO 80212,
699900,3203 N Saint Paul St, Denver, CO 80205,
939900,Two Plan, Luxe at Stapleton,,
724900,3201 N Saint Paul St, Denver, CO 80205,
349000,3926 E Evans Ave, Denver, CO 80210,
1350000,3740 E 3rd Ave, Denver, CO 80206,
527500,410 Acoma St #2-UNIT 5-1, Denver, CO 80204,
660000,2B Plan, The Met at Boulevard One,,
1400000,2230 N Glencoe St, Denver, CO 80207,
579900,2125 Niagara St, Denver, CO 80207,
317500,Aster Plan, The Horizon Collection at Altaira at High Point,,
429000,14470 Stoll Pl, Denver, CO 80239,
389000,630 S Decatur St, Denver, CO 80219,
699900,Four Plan, Alto at Stapleton,,
392000,Torrey Plan, The Summit Collection at Altaira at High Point,,
949900,One Plan, Luxe at Stapleton,,
296500,Frontier Plan, The Westerly Collection at Altaira at High Point,,
109900,2919 Risley Dr, Lansing, MI 48917,
132500,1804 W Michigan Ave, Lansing, MI,
54900,4927 Christiansen Rd, Lansing, MI 48910,
270000,1412 Eastbury Dr, Lansing, MI 48917,
93500,1012 E Hazel St, Lansing, MI 48912,
69000,1023 Bement St, Lansing, MI 48912,
140000,3941 Truxton Ln, Lansing, MI 48911,
Est. $125284,622 Carey St, Lansing, MI 48915,
129000,4214 Glenburne Blvd, Lansing, MI 48911,
89500,3333 Moores River Dr APT 506, Lansing, MI 48911,
57900,2309 Fielding Dr, Lansing, MI 48911,
45000,2229 Turner St, Lansing, MI 48906,
109900,800 Loa St, Lansing, MI 48910,
139000,4303 Glenburne Blvd, Lansing, MI,
179900,322 S Jenison Ave, Lansing, MI 48915,
236900,1504 Bentbrook Cir, Lansing, MI 48917,
88000,617 N Clemens Ave, Lansing, MI 48912,
92900,1501 Illinois Ave, Lansing, MI 48906,
139000,4137 Thackin Dr, Lansing, MI 48911,
234900,1615 S Canal Rd, Lansing, MI 48917,
64900,4811 Hughes Rd, Lansing, MI 48910,
184500,2516 Springdale Dr, Lansing, MI 48906,
52890,Stonegate Plan, Stonegate,,
174900,626 W Howe Ave, Lansing, MI 48906,
95900,919 Raider St, Lansing, MI 48912,
384500,8358 Yellowstone Ln, Lansing, MI 48917,
139900,2324 Tecumseh River Rd, Lansing, MI 48906,
Est. $109986,4717 Donald St, Lansing, MI 48910,
129000,1610 Beal Ave, Lansing, MI 48910,
79900,4603 Pleasant Grove Rd, Lansing, MI 48910,
52890,2700 Eaton Rapids Rd LOT 82, Lansing, MI,
53010,2700 Eaton Rapids Rd LOT 7, Lansing, MI,
52962,2700 Eaton Rapids Rd LOT 104, Lansing, MI,
115000,534 W Rouse St, Lansing, MI 48910,
112500,121 E Claremore Dr, Lansing, MI 48911,
89900,2605 W Kalamazoo St, Lansing, MI 48917,
134900,5921 Woodgate Dr, Lansing, MI 48911,
4795000,1512 Dolphin Ter, Corona Del Mar, CA 92625,
999999,14 Ima Loa Ct #157, Newport Beach, CA 92663,
2849000,1 Vernon, Newport Coast, CA 92657,
179000,239 Plymouth Ave, Newport Beach, CA 92660,
2100000,129 25th St, Newport Beach, CA 92663,
1999999,714 Heliotrope Ave, Corona Del Mar, CA 92625,
7995000,4533 Perham Rd, Corona Del Mar, CA 92625,
2100000,1934 Port Edward Pl, Newport Beach, CA 92660,
2295000,1431 Sea Ridge Dr, Newport Beach, CA 92660,
1595000,431-5 Heliotrope Ave, Corona Del Mar, CA 92625,
2695000,317 Via Lido Nord, Newport Beach, CA 92663,
1849000,19 Rue Fontainbleau, Newport Beach, CA 92660,
1125000,260 Cagney Ln APT 308, Newport Beach, CA 92663,
2635000,619 Marguerite Ave, Corona Del Mar, CA,
4750000,913 W Bay Ave, Newport Beach, CA 92661,
1350000,35 Seabrook Cv, Newport Beach, CA 92660,
1375000,23 Saraceno, Newport Coast, CA 92657,
1625000,470 Vista Trucha, Newport Beach, CA 92660,
3250000,3904 River Ave, Newport Beach, CA 92663,
285000,33 Saratoga #0, Newport Beach, CA 92660,
1695000,118 26th St, Newport Beach, CA 92663,
2700000,1613 W Balboa Blvd #1613, Newport Beach, CA 92663,
6780000,10 Blue Shr, Newport Coast, CA 92657,
1200000,1661 Orchard Dr, Newport Beach, CA 92660,
978888,40 Anjou, Newport Coast, CA 92657,
789000,7 Goodwill Ct, Newport Beach, CA 92663,
5195000,1820 E West Oceanfront, Newport Beach, CA,
1695000,1737 Centella Pl, Newport Beach, CA 92660,
4595000,3 Twin Lakes Cir, Corona Del Mar, CA 92625,
1995000,216 Sapphire Ave, Newport Beach, CA 92662,
4995000,7 Carmel Bay Dr, Corona Del Mar, CA 92625,
695000,50 Seaborough, Newport Beach, CA 92660,
3795000,312 Collins Ave, Newport Beach, CA 92662,
2795000,5 Harbor Pointe Dr, Corona Del Mar, CA 92625,
4925000,1119 E Balboa Blvd APT A, Newport Beach, CA 92661,
1900000,1515 Priscilla Ln, Newport Beach, CA 92660,
1395000,400 Vista Flora, Newport Beach, CA 92660,
797000,210 Lille Ln, Newport Beach, CA 92663,
3397000,914 W Balboa Blvd, Newport Beach, CA,
3397000,914 W Balboa Blvd #A & B, Newport Beach, CA,
949000,6299 Rocky Point Ct, Oakland, CA 94605,
678900,3229 Delaware St, Oakland, CA 94602,
650000,423 7th St UNIT 203, Oakland, CA 94607,
1495000,6699 Exeter Dr, Oakland, CA 94611,
795000,3101 35th Ave, Oakland, CA 94619,
679000,106 Zephyr Dr, Oakland, CA 94607,
--,3000 56th Ave, Oakland, CA 94605,
870000,6608 Outlook Ave, Oakland, CA 94605,
580000,1253 107th Ave, Oakland, CA 94603,
1250000,4355 Everett Ave, Oakland, CA 94602,
668000,1054 63rd St, Oakland, CA 94608,
575000,1 bed 1.5 bath Plan, 901 Jefferson,,
845000,983 56th St, Oakland, CA 94608,
775000,2489 Cordova St, Oakland, CA 94602,
675888,2738 Parker Ave, Oakland, CA 94605,
1550000,3210 Harrison St, Oakland, CA 94611,
1188000,2215 7th Ave, Oakland, CA 94606,
799000,3245 Magnolia St, Oakland, CA 94608,
799000,4224 West St, Oakland, CA 94608,
739990,3407 Harper St, Oakland, CA 94601,
599000,5827 Eastlawn St, Oakland, CA 94621,
789000,1424 Pullman Way, Oakland, CA 94607,
1395000,395 63rd St, Oakland, CA 94618,
1495000,814 Mandana Blvd, Oakland, CA 94610,
769000,5131 Mcdonell Ave, Oakland, CA 94619,
620000,2516 68th Ave, Oakland, CA 94605,
449900,466 Crescent St APT 303, Oakland, CA 94610,
820000,2760 Best Ave, Oakland, CA 94619,
590000,901 Jefferson St APT 102, Oakland, CA 94607,
1195000,6738 Aitken Dr, Oakland, CA 94611,
460000,2633 78th Ave, Oakland, CA 94605,
675000,3906 Nevil St, Oakland, CA 94601,
625000,1511 Jefferson St UNIT 101, Oakland, CA 94612,
1750000,14075 Skyline Blvd, Oakland, CA 94619,
499000,320 Caldecott Ln UNIT 313, Oakland, CA 94618,
405000,2259 Courtland Ave, Oakland, CA 94601,
499000,7460 Lockwood St, Oakland, CA 94621,
699000,3675 Lily St, Oakland, CA 94619,
625000,14 Anair Way, Oakland, CA 94605,
699000,47 Excelsior Ct #47, Oakland, CA 94610,
264600,9967 Triple Crown Cir, Orlando, FL 32825,
481000,521 W Princeton St, Orlando, FL,
290000,3918 Benson Park Blvd, Orlando, FL 32829,
298000,815 Driver Ave, Winter Park, FL 32789,
295000,14620 Chloe Ct, Orlando, FL 32826,
249900,2703 E Church St, Orlando, FL 32803,
124900,3154 S Semoran Blvd APT 806, Orlando, FL 32822,
468000,4065 Minoso St, Orlando, FL 32811,
160000,204 E South St UNIT 4062, Orlando, FL 32801,
282000,12804 Gettysburg Cir, Orlando, FL 32837,
329000,5950 Goldenwood Dr, Orlando, FL 32817,
549900,8648 Warwick Shore Xing, Orlando, FL 32829,
119900,The Fairways Country Club 55+ Community New Home Plan, The Fairways Country Club 55+ Community,,
359990,4912 Blackburn Ct, Orlando, FL 32826,
300990,Montara Plan, Storey Park   The Hemingway Townhomes,,
274900,1200 Cole Rd, Orlando, FL 32803,
399900,4520 Hidden Oak Ct, Orlando, FL 32804,
224900,13301 Summerton Dr, Orlando, FL 32824,
298000,14512 Grand Cove Dr, Orlando, FL 32837,
550000,2427 Teton Stone Run, Orlando, FL 32828,
975000,2445 Stoneview Rd, Orlando, FL 32806,
139900,11814 Meadow Branch Dr APT 1213, Orlando, FL 32825,
425000,734 Bella Vida Blvd, Orlando, FL 32828,
258990,Banyan Plan, Sawgrass Townhomes,,
290000,5113 Mystic Point Ct, Orlando, FL 32812,
205000,11558 Thurston Way, Orlando, FL 32837,
227000,5611 Long Lake Hills Blvd, Orlando, FL 32810,
220000,989 Vista Palma Way, Orlando, FL 32825,
395000,3217 Raven Rd, Orlando, FL 32803,
279000,9950 Eagle Creek Center Blvd, Orlando, FL 32832,
450000,338 Bunker Pl, Orlando, FL 32804,
515000,1611 New York Ave, Orlando, FL 32803,
199900,12537 Wisconsin Woods Ln, Orlando, FL 32824,
225000,13130 Odyssey Lake Way, Orlando, FL 32826,
150000,4540 Commander Dr APT 2238, Orlando, FL 32822,
499000,1713 Cheltenborough Dr, Orlando, FL 32835,
159900,6530 Swissco Dr UNIT 1112, Orlando, FL 32822,
414990,Talbot Plan, Laureate Park,,
179800,6530 Swissco Dr APT 1122, Orlando, FL 32822,
1250000,16331 NE 46th St, Redmond, WA 98052,
725000,27818 NE 49th St, Redmond, WA 98053,
1195000,21421 NE 79th St, Redmond, WA 98053,
519950,4214 W Lake Sammamish Pkwy NE APT 102, Redmond, WA 98052,
1098000,10841 168th Ct NE, Redmond, WA 98052,
510000,24377 NE 101st Ct, Redmond, WA 98053,
998000,14127 NE 63rd Ct, Redmond, WA 98052,
749950,2628 175th Ave NE, Redmond, WA 98052,
750000,17498 NE 40th Pl #I-1, Redmond, WA 98052,
1150000,13823 Morgan Dr NE, Redmond, WA 98053,
1785000,11999 159th Ave NE, Redmond, WA,
375000,8063 170th Pl NE #B2, Redmond, WA 98052,
840000,13952 Morgan Dr NE, Redmond, WA 98053,
399500,23951 NE 115th Ln #201, Redmond, WA 98053,
725000,18397 NE 97th Ct, Redmond, WA 98052,
1450000,17251 NE 36th St, Redmond, WA 98052,
1288000,3427 180th Ave NE, Redmond, WA 98052,
389950,23948 NE 115th Ln #303, Redmond, WA 98053,
1350000,23733 NE 108th Pl, Redmond, WA 98053,
385000,8110 145th Ct NE #A-6, Redmond, WA 98052,
430000,8808 Redmond Woodinville Rd NE #301, Redmond, WA 98052,
803000,15709 NE 110th St, Redmond, WA 98052,
998950,15513 NE 54th Pl, Redmond, WA 98052,
1720000,13348 NE 80th St, Redmond, WA,
874990,Residence V Plan, 66 Degrees,,
2999990,6692 264th Ave NE, Redmond, WA,
900000,14804 NE 70th Ct, Redmond, WA 98052,
375000,7573 Old Redmond Rd APT 10, Redmond, WA 98052,
287500,3543 278th Pl NE, Redmond, WA 98053,
1385000,3818-3826 172nd Ave NE, Redmond, WA 98052,
1750000,5707 238th Pl NE, Redmond, WA 98053,
939950,20812 NE 89th St, Redmond, WA 98053,
585000,16010 NE 40th Ct #6D, Redmond, WA 98052,
790000,2222 152nd Ave NE, Redmond, WA 98052,
1695000,9315 218th Ave NE, Redmond, WA 98053,
1425000,11746 175th Pl NE, Redmond, WA 98052,
3495000,6417 204th Dr NE, Redmond, WA 98053,
1475000,17015 NE 136th Pl, Redmond, WA 98052,
350000,14618 NE 81st St, Redmond, WA 98052,
1485000,4012 164th Ct NE, Redmond, WA 98052,
225000,5718 Meadowview St, Ypsilanti, MI 48197,
264900,7469 Dover Dr, Ypsilanti, MI 48197,
145000,215 Arcade St, Ypsilanti, MI 48197,
359900,6906 Plainview St, Ypsilanti, MI 48197,
299000,6399 Enchanted Dr, Ypsilanti, MI 48197,
309900,3530 Cloverlawn Ave, Ypsilanti, MI 48197,
267900,7092 Pamela Dr, Ypsilanti, MI 48197,
119900,318 W Ainsworth St, Ypsilanti, MI 48197,
246990,The Edgewater Plan, Majestic Lakes,,
189000,816 Dwight St, Ypsilanti, MI 48198,
229000,5135 Applewood Dr, Ypsilanti, MI 48197,
131000,2976 Roundtree Blvd, Ypsilanti, MI 48197,
250000,506 N Adams St, Ypsilanti, MI 48197,
150000,701 E Cross St, Ypsilanti, MI 48198,
324900,706 Cornell Rd, Ypsilanti, MI 48197,
337500,8951 Indigo Ln, Ypsilanti, MI 48197,
300000,1447 Witmire St, Ypsilanti, MI 48197,
250000,8148 Lake Crest Dr, Ypsilanti, MI 48197,
225000,7304 Cypress Pointe Dr, Ypsilanti, MI 48197,
195000,3115 Primrose Ln, Ypsilanti, MI 48197,
280990,The Austin Plan, Majestic Lakes,,
184990,The Avery Plan, Crystal Pond,,
303990,The Hampton Plan, Majestic Lakes,,
299900,4661 Hickory Pointe Blvd, Ypsilanti, MI 48197,
359000,3236 Hillside Dr, Ypsilanti, MI 48197,
184990,The Ella Plan, Crystal Pond,,
780000,921 Woods Dr, Ypsilanti, MI 48197,
116000,1640 Washtenaw Rd, Ypsilanti, MI 48197,
266990,The Columbia Plan, Majestic Lakes,,
169500,6010 S Mohawk Ave, Ypsilanti, MI 48197,
68995,9937 Julie Drive Site #126 Plan, Lakeview,,
300000,1447 Witmire Ave, Ypsilanti, MI 48197,
369990,4305 Rolling Meadow Ln, Ypsilanti, MI,
68995,6242 Rick Street Site #024 Plan, Lakeview,,
249990,The Harvest Plan, Majestic Lakes,,
370000,5070 Chatfield Dr, Ypsilanti, MI 48197,
377990,4291 Rolling Meadow Ln, Ypsilanti, MI,
289900,6400 Jonquil Ln, Ypsilanti, MI 48197,
288990,The Forest Plan, Majestic Lakes,,
256990,The Bloomington Plan, Majestic Lakes,,
